feedback_text,sentiment,genuine_feedback,reward_eligible
The mobile app made it easy to find product availability.,Positive,Yes,Yes
The colleague at the till was very helpful and resolved my issue quickly.,Positive,Yes,Yes
Awesome,Negative,No,No
The new store layout makes products much easier to find.,Positive,Yes,Yes
Nice,Negative,No,No
Fine,Positive,No,No
Great store,Positive,No,No
The colleague at the till was very helpful and resolved my issue quickly.,Positive,Yes,Yes
The store lighting is too dim and causes eye strain while shopping.,Negative,Yes,Yes
The packaging leaked during delivery and damaged the product label.,Negative,Yes,Yes
The colleague at the till was very helpful and resolved my issue quickly.,Positive,Yes,Yes
The checkout queue is very long between 5 PM and 6 PM.,Negative,Yes,Yes
The packaging leaked during delivery and damaged the product label.,Negative,Yes,Yes
Fine,Neutral,No,No
The mobile app made it easy to find product availability.,Positive,Yes,Yes
The new store layout makes products much easier to find.,Positive,Yes,Yes
The new store layout makes products much easier to find.,Positive,Yes,Yes
Poor,Positive,No,No
The mobile app made it easy to find product availability.,Positive,Yes,Yes
Poor,Negative,No,No
Bad,Positive,No,No
The colleague at the till was very helpful and resolved my issue quickly.,Positive,Yes,Yes
The meal deal selection is great but sandwiches are often out of stock by lunchtime.,Neutral,Yes,Yes
The fresh produce section looked well stocked and organised.,Positive,Yes,Yes
The self checkout machines froze multiple times during payment.,Negative,Yes,Yes
The self checkout machines froze multiple times during payment.,Negative,Yes,Yes
The checkout queue is very long between 5 PM and 6 PM.,Negative,Yes,Yes
The bakery shelf labels are confusing and difficult to read.,Negative,Yes,Yes
The product quality is good but the store lighting is too dim and uncomfortable.,Neutral,Yes,Yes
Good,Positive,No,No
The colleague at the till was very helpful and resolved my issue quickly.,Positive,Yes,Yes
The self checkout machines froze multiple times during payment.,Negative,Yes,Yes
The colleague at the till was very helpful and resolved my issue quickly.,Positive,Yes,Yes
The Click and Collect process was quick and clearly signposted.,Positive,Yes,Yes
The fresh produce section looked well stocked and organised.,Positive,Yes,Yes
The bakery shelf labels are confusing and difficult to read.,Negative,Yes,Yes
The mobile app made it easy to find product availability.,Positive,Yes,Yes
The app is easy to use but Click and Collect took longer than expected.,Neutral,Yes,Yes
The meal deal selection is great but sandwiches are often out of stock by lunchtime.,Neutral,Yes,Yes
Great store,Negative,No,No
The mobile app made it easy to find product availability.,Positive,Yes,Yes
The store lighting is too dim and causes eye strain while shopping.,Negative,Yes,Yes
The fresh produce section looked well stocked and organised.,Positive,Yes,Yes
The store lighting is too dim and causes eye strain while shopping.,Negative,Yes,Yes
The bakery shelf labels are confusing and difficult to read.,Negative,Yes,Yes
The store lighting is too dim and causes eye strain while shopping.,Negative,Yes,Yes
Nice,Positive,No,No
The app is easy to use but Click and Collect took longer than expected.,Neutral,Yes,Yes
Perfect,Positive,No,No
The colleague at the till was very helpful and resolved my issue quickly.,Positive,Yes,Yes
The new store layout makes products much easier to find.,Positive,Yes,Yes
The delivery arrived on time but several items were damaged in the box.,Neutral,Yes,Yes
Poor,Positive,No,No
The Click and Collect process was quick and clearly signposted.,Positive,Yes,Yes
Perfect,Negative,No,No
The meal deal selection is great but sandwiches are often out of stock by lunchtime.,Neutral,Yes,Yes
The fresh produce section looked well stocked and organised.,Positive,Yes,Yes
The staff were helpful but finding the grocery section was difficult.,Neutral,Yes,Yes
The Click and Collect process was quick and clearly signposted.,Positive,Yes,Yes
Fine,Positive,No,No
The staff were helpful but finding the grocery section was difficult.,Neutral,Yes,Yes
The Click and Collect process was quick and clearly signposted.,Positive,Yes,Yes
Excellent,Negative,No,No
The store lighting is too dim and causes eye strain while shopping.,Negative,Yes,Yes
The new store layout makes products much easier to find.,Positive,Yes,Yes
Excellent,Positive,No,No
The fresh produce section looked well stocked and organised.,Positive,Yes,Yes
The meal deal selection is great but sandwiches are often out of stock by lunchtime.,Neutral,Yes,Yes
The delivery arrived on time but several items were damaged in the box.,Neutral,Yes,Yes
The fresh produce section looked well stocked and organised.,Positive,Yes,Yes
Awesome,Negative,No,No
The staff were helpful but finding the grocery section was difficult.,Neutral,Yes,Yes
The meal deal selection is great but sandwiches are often out of stock by lunchtime.,Neutral,Yes,Yes
The staff were helpful but finding the grocery section was difficult.,Neutral,Yes,Yes
The Click and Collect process was quick and clearly signposted.,Positive,Yes,Yes
Great store,Neutral,No,No
Good,Negative,No,No
The new store layout makes products much easier to find.,Positive,Yes,Yes
Nice,Positive,No,No
The staff were helpful but finding the grocery section was difficult.,Neutral,Yes,Yes
The self checkout machines froze multiple times during payment.,Negative,Yes,Yes
Poor,Positive,No,No
Okay,Neutral,No,No
Awesome,Neutral,No,No
The Click and Collect process was quick and clearly signposted.,Positive,Yes,Yes
The colleague at the till was very helpful and resolved my issue quickly.,Positive,Yes,Yes
The checkout queue is very long between 5 PM and 6 PM.,Negative,Yes,Yes
The fresh produce section looked well stocked and organised.,Positive,Yes,Yes
Bad,Negative,No,No
Great store,Neutral,No,No
The new store layout makes products much easier to find.,Positive,Yes,Yes
Nice,Positive,No,No
Awesome,Positive,No,No
The packaging leaked during delivery and damaged the product label.,Negative,Yes,Yes
The bakery shelf labels are confusing and difficult to read.,Negative,Yes,Yes
The fresh produce section looked well stocked and organised.,Positive,Yes,Yes
Bad,Positive,No,No
Perfect,Positive,No,No
Poor,Positive,No,No
The checkout queue is very long between 5 PM and 6 PM.,Negative,Yes,Yes
Great store,Negative,No,No
Okay,Neutral,No,No
The store lighting is too dim and causes eye strain while shopping.,Negative,Yes,Yes
Fine,Positive,No,No
The colleague at the till was very helpful and resolved my issue quickly.,Positive,Yes,Yes
The bakery shelf labels are confusing and difficult to read.,Negative,Yes,Yes
Fine,Positive,No,No
The Click and Collect process was quick and clearly signposted.,Positive,Yes,Yes
Awesome,Negative,No,No
The app is easy to use but Click and Collect took longer than expected.,Neutral,Yes,Yes
The fresh produce section looked well stocked and organised.,Positive,Yes,Yes
The self checkout machines froze multiple times during payment.,Negative,Yes,Yes
The checkout queue is very long between 5 PM and 6 PM.,Negative,Yes,Yes
The Click and Collect process was quick and clearly signposted.,Positive,Yes,Yes
The fresh produce section looked well stocked and organised.,Positive,Yes,Yes
The bakery shelf labels are confusing and difficult to read.,Negative,Yes,Yes
The Click and Collect process was quick and clearly signposted.,Positive,Yes,Yes
The delivery arrived on time but several items were damaged in the box.,Neutral,Yes,Yes
Okay,Negative,No,No
The Click and Collect process was quick and clearly signposted.,Positive,Yes,Yes
The fresh produce section looked well stocked and organised.,Positive,Yes,Yes
Nice,Negative,No,No
The new store layout makes products much easier to find.,Positive,Yes,Yes
Poor,Positive,No,No
Bad,Negative,No,No
The new store layout makes products much easier to find.,Positive,Yes,Yes
The checkout queue is very long between 5 PM and 6 PM.,Negative,Yes,Yes
The fresh produce section looked well stocked and organised.,Positive,Yes,Yes
The app is easy to use but Click and Collect took longer than expected.,Neutral,Yes,Yes
Nice,Positive,No,No
The fresh produce section looked well stocked and organised.,Positive,Yes,Yes
Bad,Neutral,No,No
The delivery arrived on time but several items were damaged in the box.,Neutral,Yes,Yes
The product quality is good but the store lighting is too dim and uncomfortable.,Neutral,Yes,Yes
Perfect,Negative,No,No
The new store layout makes products much easier to find.,Positive,Yes,Yes
The product quality is good but the store lighting is too dim and uncomfortable.,Neutral,Yes,Yes
Poor,Negative,No,No
The new store layout makes products much easier to find.,Positive,Yes,Yes
Great store,Negative,No,No
The product quality is good but the store lighting is too dim and uncomfortable.,Neutral,Yes,Yes
Excellent,Neutral,No,No
The self checkout machines froze multiple times during payment.,Negative,Yes,Yes
Nice,Positive,No,No
Great store,Neutral,No,No
The app is easy to use but Click and Collect took longer than expected.,Neutral,Yes,Yes
Bad,Neutral,No,No
The new store layout makes products much easier to find.,Positive,Yes,Yes
Excellent,Negative,No,No
The Click and Collect process was quick and clearly signposted.,Positive,Yes,Yes
Great store,Positive,No,No
The new store layout makes products much easier to find.,Positive,Yes,Yes
The Click and Collect process was quick and clearly signposted.,Positive,Yes,Yes
Nice,Negative,No,No
The colleague at the till was very helpful and resolved my issue quickly.,Positive,Yes,Yes
The bakery shelf labels are confusing and difficult to read.,Negative,Yes,Yes
The colleague at the till was very helpful and resolved my issue quickly.,Positive,Yes,Yes
The colleague at the till was very helpful and resolved my issue quickly.,Positive,Yes,Yes
The new store layout makes products much easier to find.,Positive,Yes,Yes
The checkout queue is very long between 5 PM and 6 PM.,Negative,Yes,Yes
The self checkout machines froze multiple times during payment.,Negative,Yes,Yes
The mobile app made it easy to find product availability.,Positive,Yes,Yes
Nice,Negative,No,No
The new store layout makes products much easier to find.,Positive,Yes,Yes
Perfect,Positive,No,No
Nice,Positive,No,No
The colleague at the till was very helpful and resolved my issue quickly.,Positive,Yes,Yes
Poor,Neutral,No,No
Poor,Positive,No,No
The app is easy to use but Click and Collect took longer than expected.,Neutral,Yes,Yes
The fresh produce section looked well stocked and organised.,Positive,Yes,Yes
The staff were helpful but finding the grocery section was difficult.,Neutral,Yes,Yes
Okay,Neutral,No,No
Excellent,Positive,No,No
Awesome,Positive,No,No
The mobile app made it easy to find product availability.,Positive,Yes,Yes
The colleague at the till was very helpful and resolved my issue quickly.,Positive,Yes,Yes
Awesome,Positive,No,No
Good,Neutral,No,No
The meal deal selection is great but sandwiches are often out of stock by lunchtime.,Neutral,Yes,Yes
The app is easy to use but Click and Collect took longer than expected.,Neutral,Yes,Yes
The Click and Collect process was quick and clearly signposted.,Positive,Yes,Yes
The meal deal selection is great but sandwiches are often out of stock by lunchtime.,Neutral,Yes,Yes
Good,Positive,No,No
The Click and Collect process was quick and clearly signposted.,Positive,Yes,Yes
Nice,Negative,No,No
The colleague at the till was very helpful and resolved my issue quickly.,Positive,Yes,Yes
The app is easy to use but Click and Collect took longer than expected.,Neutral,Yes,Yes
Fine,Positive,No,No
The mobile app made it easy to find product availability.,Positive,Yes,Yes
The colleague at the till was very helpful and resolved my issue quickly.,Positive,Yes,Yes
The packaging leaked during delivery and damaged the product label.,Negative,Yes,Yes
Perfect,Negative,No,No
The delivery arrived on time but several items were damaged in the box.,Neutral,Yes,Yes
The self checkout machines froze multiple times during payment.,Negative,Yes,Yes
Bad,Neutral,No,No
The app is easy to use but Click and Collect took longer than expected.,Neutral,Yes,Yes
Poor,Positive,No,No
Fine,Positive,No,No
The checkout queue is very long between 5 PM and 6 PM.,Negative,Yes,Yes
The colleague at the till was very helpful and resolved my issue quickly.,Positive,Yes,Yes
Nice,Negative,No,No
The fresh produce section looked well stocked and organised.,Positive,Yes,Yes
The meal deal selection is great but sandwiches are often out of stock by lunchtime.,Neutral,Yes,Yes
Excellent,Neutral,No,No
The product quality is good but the store lighting is too dim and uncomfortable.,Neutral,Yes,Yes
Good,Negative,No,No
Poor,Neutral,No,No
The mobile app made it easy to find product availability.,Positive,Yes,Yes
The packaging leaked during delivery and damaged the product label.,Negative,Yes,Yes
The colleague at the till was very helpful and resolved my issue quickly.,Positive,Yes,Yes
The fresh produce section looked well stocked and organised.,Positive,Yes,Yes
The packaging leaked during delivery and damaged the product label.,Negative,Yes,Yes
The checkout queue is very long between 5 PM and 6 PM.,Negative,Yes,Yes
The bakery shelf labels are confusing and difficult to read.,Negative,Yes,Yes
The product quality is good but the store lighting is too dim and uncomfortable.,Neutral,Yes,Yes
The self checkout machines froze multiple times during payment.,Negative,Yes,Yes
Nice,Positive,No,No
Awesome,Positive,No,No
The checkout queue is very long between 5 PM and 6 PM.,Negative,Yes,Yes
The new store layout makes products much easier to find.,Positive,Yes,Yes
Awesome,Neutral,No,No
Good,Positive,No,No
The new store layout makes products much easier to find.,Positive,Yes,Yes
Okay,Negative,No,No
The new store layout makes products much easier to find.,Positive,Yes,Yes
The bakery shelf labels are confusing and difficult to read.,Negative,Yes,Yes
Fine,Positive,No,No
Good,Negative,No,No
Nice,Negative,No,No
The product quality is good but the store lighting is too dim and uncomfortable.,Neutral,Yes,Yes
Awesome,Neutral,No,No
The mobile app made it easy to find product availability.,Positive,Yes,Yes
Good,Positive,No,No
Great store,Negative,No,No
The fresh produce section looked well stocked and organised.,Positive,Yes,Yes
The meal deal selection is great but sandwiches are often out of stock by lunchtime.,Neutral,Yes,Yes
The meal deal selection is great but sandwiches are often out of stock by lunchtime.,Neutral,Yes,Yes
The new store layout makes products much easier to find.,Positive,Yes,Yes
The mobile app made it easy to find product availability.,Positive,Yes,Yes
The fresh produce section looked well stocked and organised.,Positive,Yes,Yes
The packaging leaked during delivery and damaged the product label.,Negative,Yes,Yes
The mobile app made it easy to find product availability.,Positive,Yes,Yes
The colleague at the till was very helpful and resolved my issue quickly.,Positive,Yes,Yes
Bad,Neutral,No,No
The Click and Collect process was quick and clearly signposted.,Positive,Yes,Yes
The mobile app made it easy to find product availability.,Positive,Yes,Yes
Poor,Neutral,No,No
The colleague at the till was very helpful and resolved my issue quickly.,Positive,Yes,Yes
The staff were helpful but finding the grocery section was difficult.,Neutral,Yes,Yes
Awesome,Negative,No,No
The meal deal selection is great but sandwiches are often out of stock by lunchtime.,Neutral,Yes,Yes
Nice,Positive,No,No
The meal deal selection is great but sandwiches are often out of stock by lunchtime.,Neutral,Yes,Yes
The app is easy to use but Click and Collect took longer than expected.,Neutral,Yes,Yes
Good,Neutral,No,No
Perfect,Negative,No,No
The new store layout makes products much easier to find.,Positive,Yes,Yes
The meal deal selection is great but sandwiches are often out of stock by lunchtime.,Neutral,Yes,Yes
The checkout queue is very long between 5 PM and 6 PM.,Negative,Yes,Yes
Poor,Positive,No,No
The fresh produce section looked well stocked and organised.,Positive,Yes,Yes
Bad,Positive,No,No
The store lighting is too dim and causes eye strain while shopping.,Negative,Yes,Yes
The packaging leaked during delivery and damaged the product label.,Negative,Yes,Yes
The staff were helpful but finding the grocery section was difficult.,Neutral,Yes,Yes
The bakery shelf labels are confusing and difficult to read.,Negative,Yes,Yes
Great store,Neutral,No,No
The meal deal selection is great but sandwiches are often out of stock by lunchtime.,Neutral,Yes,Yes
The checkout queue is very long between 5 PM and 6 PM.,Negative,Yes,Yes
Excellent,Neutral,No,No
The mobile app made it easy to find product availability.,Positive,Yes,Yes
The meal deal selection is great but sandwiches are often out of stock by lunchtime.,Neutral,Yes,Yes
The new store layout makes products much easier to find.,Positive,Yes,Yes
The colleague at the till was very helpful and resolved my issue quickly.,Positive,Yes,Yes
The packaging leaked during delivery and damaged the product label.,Negative,Yes,Yes
Good,Positive,No,No
Awesome,Neutral,No,No
The packaging leaked during delivery and damaged the product label.,Negative,Yes,Yes
The mobile app made it easy to find product availability.,Positive,Yes,Yes
The new store layout makes products much easier to find.,Positive,Yes,Yes
Excellent,Positive,No,No
The colleague at the till was very helpful and resolved my issue quickly.,Positive,Yes,Yes
The new store layout makes products much easier to find.,Positive,Yes,Yes
The delivery arrived on time but several items were damaged in the box.,Neutral,Yes,Yes
The fresh produce section looked well stocked and organised.,Positive,Yes,Yes
Perfect,Negative,No,No
Bad,Negative,No,No
The bakery shelf labels are confusing and difficult to read.,Negative,Yes,Yes
The fresh produce section looked well stocked and organised.,Positive,Yes,Yes
The meal deal selection is great but sandwiches are often out of stock by lunchtime.,Neutral,Yes,Yes
The delivery arrived on time but several items were damaged in the box.,Neutral,Yes,Yes
The delivery arrived on time but several items were damaged in the box.,Neutral,Yes,Yes
The colleague at the till was very helpful and resolved my issue quickly.,Positive,Yes,Yes
The meal deal selection is great but sandwiches are often out of stock by lunchtime.,Neutral,Yes,Yes
The store lighting is too dim and causes eye strain while shopping.,Negative,Yes,Yes
The mobile app made it easy to find product availability.,Positive,Yes,Yes
The fresh produce section looked well stocked and organised.,Positive,Yes,Yes
Excellent,Positive,No,No
The colleague at the till was very helpful and resolved my issue quickly.,Positive,Yes,Yes
