feedback_text,genuine_feedback
"The jacket zipper broke after the first wash and I cannot close it anymore.",Yes
"The seam on my trousers split after wearing them twice.",Yes
"My sweater shrank on a cold wash even though I followed the label.",Yes
"The shoes gave me blisters because the heel lining is rough.",Yes
"The size chart said medium but the shirt sleeves were much too short.",Yes
"The fitting room door would not lock so I could not try on the dress.",Yes
"Sarah brought a larger size to the fitting room so I did not have to get dressed again.",Yes
"The employee found a replacement jacket and checked the zipper before I left.",Yes
"Joe explained how to wash the wool jumper without shrinking it.",Yes
"The cashier charged twice for one sandwich and corrected it when I showed the receipt.",Yes
"My refund has not arrived after two weeks despite showing the return receipt.",Yes
"The returns desk sent me between two counters without processing my refund.",Yes
"I received the wrong colour coat and the replacement still has not been dispatched.",Yes
"The payment terminal declined my card three times but the bank shows a charge.",Yes
"The barcode on the milk would not scan and the colleague entered the price manually.",Yes
"The advertised discount was not applied to the final receipt.",Yes
"The voucher expired before the date printed in the email.",Yes
"My loyalty points disappeared after the app update and signing in again did not restore them.",Yes
"The website removes my basket whenever I change the delivery address.",Yes
"The order confirmation arrived without a collection code so staff could not find my order.",Yes
"The parcel was left outside in rain and the clothes inside were soaked.",Yes
"The delivery driver rang the bell and waited while I came downstairs with my walking frame.",Yes
"The yoghurt had mould under the lid even though it was within the use by date.",Yes
"The milk carton leaked in my bag because the cap was cracked.",Yes
"The allergy label on the sandwich was covered by a price sticker.",Yes
"The bread was stale on the day I bought it despite an expiry date of tomorrow.",Yes
"The freezer door does not shut and the ice cream was already soft.",Yes
"The aisle is too narrow for my wheelchair when the delivery crates are left there.",Yes
"The lift was broken and there was no sign explaining how to reach the upper floor.",Yes
"The loud music makes it difficult to hear the cashier with my hearing aid.",Yes
"The colleague carried my bags to the car after noticing I use a walking stick.",Yes
"The accessible toilet was locked and staff could not locate the key.",Yes
"The queue took twenty minutes because only one till was open during lunch.",Yes
"The collection desk had no staff for fifteen minutes after I arrived.",Yes
"The changing room mirror was cracked and had sharp edges at child height.",Yes
"Please move the price signs lower because the upper shelf labels are impossible to read.",Yes
"The cakes sell out before my evening visit every Friday; please increase the evening stock.",Yes
"The pasta sauce jar was open when delivered and had leaked over the other groceries.",Yes
"The assistant checked the ingredients with me and found a dairy free alternative.",Yes
"A loose button fell off the coat before I had worn it outside.",Yes
"Hi",No
"Hello there",No
"Thank you very much",No
"Good morning everyone",No
"Nice product and good service",No
"I really love this shop and everything about it is wonderful.",No
"I had a great experience and wanted to say thank you to the whole team.",No
"I am writing to share my feedback because feedback is important and I have some feedback.",No
"The service was bad and the products were bad and the experience was bad.",No
"I am not happy with this store but I have nothing specific to add.",No
"I like the staff and the shop and the things you sell.",No
"This is a very long message to say everything is simply great and amazing.",No
"I would like a reward please give me a voucher for leaving this comment.",No
"Please send me free points because I am a loyal customer.",No
"Great store great store great store great store",No
"queue queue queue queue",No
"qwerty asdfgh zxcvbn",No
"asdfghjkl qwertyuiop zxcvbnm",No
"12345 67890",No
"Hi stock thank you",No
"stock stock stock thanks",No
"Sarah is nice",No
"Thanks Joe",No
"The jacket is good",No
"Nice shoes",No
"I bought milk",No
"I visited your store today",No
"cakes sold out",No
"nice cakes but no stock",No
"The bakery items are sold out.",No
"Please restock bread",No
"Good cakes but sold out thanks",No
"The app is nice",No
"Delivery was okay",No
"Everything was fine and I will probably visit again because I like shopping.",No
"Excellent excellent excellent service",No
"I have no comments about the products or the service today.",No
"I want to leave a positive review without describing anything in particular.",No
"The experience was not what I expected and that is all I want to say.",No
"Refund refund refund",No
"The baby sleepsuits kept their shape after ten washes and the poppers still close securely.",Yes
"The newborn vest has a soft neck opening that makes changing easier without scratching my baby's skin.",Yes
"The colleague went above and beyond by calling another branch and reserving the interview jacket in my size.",Yes
"The service desk employee arranged a replacement school uniform before the first day of term when my parcel was lost.",Yes
"Your assistant explained the different trouser lengths and brought three sizes so I could find a comfortable fit.",Yes
"The cashier noticed my walking frame and moved my shopping to a lower counter so I could reach it.",Yes
"The colleague checked the sandwich ingredients and helped me choose a lunch without the allergen I mentioned.",Yes
"The cotton shirt stayed soft after repeated washing and the collar has not curled at the edges.",Yes
"My jacket pocket lining tore on the second day and my keys fell through into the coat.",Yes
"The price label on the meal deal shelf is too small to read from my wheelchair.",Yes
"The soap dispenser beside the left sink was empty at ten this morning and the other sink had no soap either.",Yes
"The fitting room latch would not catch and I had to hold the door closed while changing.",Yes
"The receipt shows the full price for both shirts even though the shelf advertised a multibuy discount.",Yes
"The collection message sent me upstairs but my parcel was held at the downstairs service desk.",Yes
"The milk fridge thermometer showed a high temperature and the cartons felt warm when I picked one up.",Yes
"The cake packaging listed nuts in tiny print beneath a folded seam where I could not read it.",Yes
"The wheelchair ramp was blocked by stock cages and I had to wait outside for someone to clear them.",Yes
"The checkout charged my card twice for the same order and both transactions have cleared at my bank.",Yes
"I found a sharp piece of plastic inside the sealed sandwich and it scratched my mouth.",Yes
"My refund is still missing after three weeks and the service desk cannot find the return reference on my receipt.",Yes
"The automatic entrance door closed against my walking aid before I had passed through.",Yes
"The manager called me back with the payment reference and confirmed when the duplicate charge would be returned.",Yes
"The bakery shelf is empty before my lunch break every Tuesday; please move some replenishment to midday.",Yes
"The queue for returns shares the collection counter and nobody could tell which line I should join.",Yes
"At Marble Arch the fitting room hook came loose while I hung up a jacket and the screw fell onto the floor.",Yes
"At Stratford City the collection desk label pointed to the wrong counter and I waited there for twenty minutes.",Yes
"At Bluewater the colleague located my missing parcel and checked every item against the order before I left.",Yes
"The Bluewater till receipt did not include the advertised discount on my school trousers.",Yes
"The Marble Arch colleague showed me the care label and explained how to dry the wool jumper flat.",Yes
"At Stratford City the self checkout froze after payment and no receipt printed for my purchase.",Yes
"Marble Arch London",No
"Stratford City London",No
"Bluewater Greenhithe Kent",No
"I visited Marble Arch and it was nice.",No
"Stratford City is great and I really like it there.",No
"Bluewater was bad but I have no details to share.",No
"I am a loyal customer so please give me the highest reward.",No
"I shop here every week and want free points for this message.",No
"Please upgrade my incentive because I wrote a long review.",No
"This is a serious complaint and I deserve a voucher without explaining anything.",No
"Outstanding exceptional amazing outstanding exceptional amazing.",No
"The colleague went above and beyond and that is all I can say.",No
"Great baby clothes lovely baby clothes nice baby clothes.",No
"I bought a jacket and some bread and then went home.",No
"Your clothes are good and your food is good and the whole shop is good.",No
"It was a shopping trip and there were products and staff in the store.",No
"I am leaving feedback to complete the feedback form today.",No
"No particular issue or suggestion comes to mind.",No
"There is something wrong somewhere but I cannot say what.",No
"The experience was average overall with nothing else to mention.",No
"Please contact me about something at some point.",No
"ticket ticket ticket reward reward reward",No
"jacket jacket jacket jacket jacket",No
"qazwsx edcrfv tgb yhn ujm",No
"blorpt snazzle quuxxyz",No
"asdf store zxcv qwer",No
"hello hello hello good morning",No
"There were no cakes.",No
"More bread please.",No
"Lovely thanks bye.",No
