feedback_text,sentiment
"The colleague found my missing parcel and arranged delivery before closing time.",Positive
"My new jumper stayed soft and kept its shape after several washes.",Positive
"The cashier noticed I had been overcharged and corrected the bill straight away.",Positive
"A staff member brought the right shoe size and checked the fit patiently.",Positive
"The bakery team reserved a fresh loaf for me after I called ahead.",Positive
"The refund arrived the same afternoon and the returns colleague explained each step.",Positive
"The wheelchair ramp was clear and the entrance was easy to use.",Positive
"I found the coat I wanted and the fitting room was clean and spacious.",Positive
"The store associate helped me compare fabrics without rushing me.",Positive
"The meal deal was good value and every item was fresh.",Positive
"My online order was ready on time and all the items were correct.",Positive
"The team replaced the faulty kettle quickly and kept me updated.",Positive
"The colleague remembered my earlier query and gave me a useful update.",Positive
"The queue moved quickly and the staff member was welcoming.",Positive
"The product matched its description and worked exactly as expected.",Positive
"A team member helped me find allergy information on the packaging.",Positive
"The store was tidy and the shelves were easy to browse.",Positive
"The assistant arranged a delivery slot that suited my schedule.",Positive
"The manager listened carefully and resolved the billing problem.",Positive
"The replacement arrived safely and was packed well.",Positive
"The service was excellent; I only waited forty minutes for someone to notice me.",Negative
"Brilliant, another parcel marked delivered that never reached my door.",Negative
"I love being charged twice for one sandwich; what a treat.",Negative
"Fantastic support: three calls and my refund is still missing.",Negative
"The fitting room door would not lock and nobody came to help.",Negative
"My new shoes split at the seam after wearing them once.",Negative
"The staff were so helpful that nobody answered my question all afternoon.",Negative
"Great, the website cancelled my order without telling me.",Negative
"The checkout charged the wrong amount and the supervisor refused to check.",Negative
"The supposedly waterproof coat leaked during light rain.",Negative
"I had to visit twice because the collection order was not ready either time.",Negative
"Wonderful, the lift is out again and I cannot reach the upper floor.",Negative
"The label promised next-day delivery, but the parcel arrived a week later.",Negative
"My complaint was closed even though the damaged item has not been replaced.",Negative
"Lovely experience: the queue was long and only one till was open.",Negative
"The meal was cold, and the colleague dismissed me when I mentioned it.",Negative
"The online return form keeps failing before I can submit it.",Negative
"Thanks for nothing; the promised callback never happened.",Negative
"The product was missing parts and customer service has not replied.",Negative
"Perfect, another price label that does not match the amount charged.",Negative
"The shop is open from nine until six today.",Neutral
"I bought a blue scarf and a white shirt this morning.",Neutral
"The order contains two items and is due to arrive on Friday.",Neutral
"There are three fitting rooms near the back of the store.",Neutral
"The receipt shows the purchase date and the last four card digits.",Neutral
"I visited the branch after work and looked at the new collection.",Neutral
"The parcel was delivered to the reception desk at midday.",Neutral
"The product page lists the material and washing instructions.",Neutral
"My appointment is booked for Tuesday afternoon.",Neutral
"The store has a cafe beside the main entrance.",Neutral
"I exchanged the medium size for a large one.",Neutral
"The promotion ends at the end of this month.",Neutral
"A colleague checked the stock system while I waited.",Neutral
"The delivery window is between one and three o'clock.",Neutral
"The jacket comes in black, green and navy.",Neutral
"I asked where the customer service desk was located.",Neutral
"The item number is printed beneath the barcode.",Neutral
"The store opened a new department on the first floor.",Neutral
"My order reference contains eight letters and numbers.",Neutral
"The bus stop is across the road from the store.",Neutral
"I really love the store experience especially the music being played. The store is playing all the Billboard 100 hits which is fantastic. I feel M&S can plan for theme based music like MJ tributes, Halloween special songs, Christmas songs etc. and it will resonate well with everyone.",Positive